{
	"id": "Ghost_Nankh",
	"scene_folder": "scenes/slugcat - Nankh",
	"images": [
		{
			"name": "Background",
			"pos": [ 492, 297 ],
			"depth": 3.7,
			"shader": "Basic"
		},
		{
			"name": "Grass 3",
			"pos": [ 602, 264 ],
			"depth": 2.2,
			"shader": "Basic"
		},
		{
			"name": "Grass 2",
			"pos": [ 446, 283 ],
			"depth": 2.0,
			"shader": "Basic"
		},
		{
			"name": "Grass 1",
			"pos": [ 515, 265 ],
			"depth": 1.8,
			"shader": "Basic"
		}
	],
	"idle_depths": [ 2.8 ],
	"glow_pos": [ 688, 484 ],
	"mark_pos": [ 689, 583 ],
	"select_menu_pos": [ 0, 0 ],
	"slugcat_depth": 2.8
}